UserScenario,Algorithm,AUROC,AUPRC,F1Score
dep_a,Bagging,0.971320677689,0.900590971717,0.898678414097
dep_b,MLP_Classifier_10,0.96969609927,0.972451987697,0.911764705882
indep_ab,Random_Forest,0.983946559047,0.982029345859,0.928895612708
