UserScenario,Algorithm,AUROC,AUPRC,F1Score
dep_a,MLP_Classifier_10,0.991486068111,0.981492331358,0.94964028777
dep_b,Random_Forest,0.969121004566,0.92435211951,0.867383512545
indep_ab,Random_Forest,0.983483341856,0.962931358583,0.927175843694
