UserScenario,Algorithm,AUROC,AUPRC,F1Score
dep_a,Random_Forest,0.976327116212,0.969146694507,0.890052356021
dep_b,Random_Forest,0.9485,0.946554856973,0.854771784232
indep_ab,Random_Forest,0.962876065666,0.965915056694,0.898734177215
