UserScenario,Algorithm,AUROC,AUPRC,F1Score
dep_a,Random_Forest,0.976814789032,0.970198693736,0.945337620579
dep_b,Random_Forest,0.987179487179,0.985072562107,0.938775510204
indep_ab,Random_Forest,0.978484842772,0.97241852295,0.925124792013
