UserScenario,Algorithm,AUROC,AUPRC,F1Score
dep_a,MLP_Classifier_10,0.994806985294,0.991527768345,0.975
dep_b,Random_Forest,0.981097747817,0.980732288664,0.934959349593
indep_ab,Random_Forest,0.987356979405,0.961425501535,0.932461873638
