UserScenario,Algorithm,AUROC,AUPRC,F1Score
dep_a,MLP_Classifier_10,0.992502441066,0.989789155367,0.940298507463
dep_b,Random_Forest,0.975392051557,0.96991825504,0.905660377358
indep_ab,Random_Forest,0.981838884722,0.974715995078,0.922590837283
