UserScenario,Algorithm,AUROC,AUPRC,F1Score
dep_a,Random_Forest,0.969510952624,0.965795570096,0.910505836576
dep_b,Random_Forest,0.974884792627,0.972220926008,0.905555555556
indep_ab,Random_Forest,0.975927871148,0.976784714733,0.909090909091
