UserScenario,Algorithm,AUROC,AUPRC,F1Score
dep_a,Random_Forest,0.994634473508,0.981085619141,0.95406360424
dep_b,MLP_Classifier_10,0.985632858698,0.964125685207,0.935251798561
indep_ab,Random_Forest,0.993480634307,0.983707213777,0.946086956522
