UserScenario,Algorithm,AUROC,AUPRC,F1Score
dep_a,MLP_Classifier_10,0.986268754077,0.950297124283,0.90243902439
dep_b,RBF_Classifier,0.97321958457,0.941241557661,0.853448275862
indep_ab,Random_Forest,0.972805958132,0.939826041838,0.874109263658
